<application>
  <component name="WebServers">
    <option name="servers">
      <webServer id="e4d78921-cd40-482b-9af1-a93eae499f5c" name="dhkristoff@192.168.1.207:22" url="http:///">
        <fileTransfer accessType="SFTP" host="192.168.1.207" port="22" sshConfigId="4ea78202-2bdd-4f7a-8888-6801f6f2a6a0" sshConfig="dhkristoff@192.168.1.207:22 agent" authAgent="true" />
      </webServer>
      <webServer id="c85b378d-219c-4712-9a14-a03298565cae" name="dhkristoff@192.168.1.207:22 (2)" url="http:///">
        <fileTransfer accessType="SFTP" host="192.168.1.207" port="22" sshConfigId="4ea78202-2bdd-4f7a-8888-6801f6f2a6a0" sshConfig="dhkristoff@192.168.1.207:22 agent" authAgent="true" />
      </webServer>
      <webServer id="0dae6650-03fe-4c06-ae8f-513203fc6fb9" name="dhkristoff@192.168.1.207:22 (3)" url="http:///">
        <fileTransfer accessType="SFTP" host="192.168.1.207" port="22" sshConfigId="4ea78202-2bdd-4f7a-8888-6801f6f2a6a0" sshConfig="dhkristoff@192.168.1.207:22 agent" authAgent="true" />
      </webServer>
    </option>
  </component>
</application>