<application>
  <component name="FeatureSuggesterSettings">
    <option name="workingDays">
      <list>
        <option value="1654753177361" />
        <option value="1656052053768" />
        <option value="1656287565119" />
        <option value="1656378620278" />
        <option value="1656460730802" />
        <option value="1656907087227" />
        <option value="1656984754963" />
        <option value="1657065385421" />
        <option value="1657153820667" />
        <option value="1657244964834" />
        <option value="1657498227101" />
        <option value="1657583953153" />
        <option value="1657670792041" />
        <option value="1657756131348" />
        <option value="1657843895154" />
        <option value="1658104211066" />
      </list>
    </option>
  </component>
</application>