<keymap version="1" name="Windows 복사" parent="$default">
  <action id="CompareTwoFiles" />
  <action id="Console.TableResult.NextPage" />
  <action id="Console.TableResult.PreviousPage" />
  <action id="Diff.ShowDiff" />
  <action id="EditorDeleteLine">
    <keyboard-shortcut first-keystroke="ctrl d" />
  </action>
  <action id="EditorDuplicate" />
  <action id="FileChooser.GotoDesktop" />
  <action id="NextOccurence" />
  <action id="PreviousOccurence" />
  <action id="SendEOF" />
</keymap>